company_id,month_key,avg_dpp_per_invoice,monthly_spend_volatility,total_dpp,total_inbound_tax_invoices,total_vat,ammend_rate,approval_rate,friction_value_ratio,hard_failure_rate,top_1_vendor_share,top_5_vendor_share,unique_vendors,vendor_concentration_index,vendor_repeat_rate
C001,2025-05-01,41683335,0.067,851630840,169,78054326,0.096,0.847,0.057,0.038,0.674,0.726,55,4134,0.493
C001,2025-03-01,19642295,0.301,169521763,207,16600946,0.01,0.791,0.199,0.033,0.458,0.76,79,1910,0.582
C001,2025-07-01,16987409,0.078,467365513,46,42194928,0.01,0.531,0.459,0.066,0.506,0.7,91,3811,0.908
C001,2025-06-01,72656597,0.174,480381782,68,43816491,0.01,,0.252,0.059,0.28,0.63,72,1258,0.816
C001,2025-12-01,25818236,0.635,661033053,182,61417966,0.01,0.601,0.389,0.054,0.23,0.778,36,1351,0.98
C001,2025-02-01,76329229,0.471,56184743,213,5204012,0.01,0.564,0.426,0.053,0.127,0.826,100,1430,0.626
C001,2025-08-01,96386327,0.664,583527409,140,63724564,0.01,0.744,0.246,0.028,0.214,0.879,48,2796,0.589
C001,2025-11-01,73495009,0.577,840266208,88,89961225,0.01,0.786,,0.096,0.359,0.499,17,1360,0.603
C001,2025-04-01,89853482,0.028,585934177,188,55027863,0.16,0.786,0.055,0.023,0.251,0.439,21,1391,0.652
C001,2025-01-01,76306886,0.619,467014547,202,45262516,0.123,0.833,0.043,0.098,0.319,0.348,24,2822,0.893
C002,2025-06-01,70395527,0.621,23348260,86,2300679,0.01,0.735,0.255,0.037,0.252,0.386,22,1515,0.315
C002,2025-10-01,29558305,0.542,383310029,128,38708878,0.01,0.733,0.257,0.048,0.015,0.502,84,1496,0.307
C002,2025-02-01,50645932,0.33,391718063,11,42802375,0.07,0.766,0.165,0.06,0.713,0.727,72,4662,0.924
C002,2025-01-01,39115133,0.598,577453859,110,61487697,0.16,0.782,0.058,0.05,0.578,0.772,23,4055,0.647
C002,2025-07-01,28034261,0.318,503156205,111,51404043,0.01,0.55,0.44,0.065,0.359,0.61,83,1750,0.438
C002,2025-08-01,63468688,0.035,361607150,169,39714342,0.01,0.817,0.173,0.02,0.304,0.632,94,1423,0.955
C002,2025-11-01,52145039,0.041,750755215,157,78309364,0.017,0.811,0.172,0.096,0.567,0.744,55,3804,0.581
C002,2025-05-01,14757444,0.341,63769681,134,6539499,0.026,0.83,0.145,0.047,0.549,0.632,62,4411,0.901
C002,2025-12-01,46831905,0.488,40468187,111,3955602,0.136,0.853,0.011,0.001,0.248,0.564,37,2038,0.387
C002,2025-09-01,56143262,0.504,33947717,166,3437423,0.01,0.676,0.314,0.065,0.317,0.605,34,2866,0.372
C003,2025-02-01,57440784,0.005,299289572,109,28505349,0.077,,0.037,0.006,0.662,0.89,23,4045,0.775
C003,2025-01-01,49753823,0.677,501994613,61,50878662,0.01,0.79,0.2,0.047,0.718,0.85,20,4498,0.725
C003,2025-10-01,77768943,0.212,662219455,172,66128636,0.053,0.88,0.066,0.066,0.5,0.666,92,3543,0.619
C003,2025-06-01,17080913,0.039,299521262,131,29154689,0.01,0.619,0.371,0.052,0.583,0.878,35,3842,0.308
C003,2025-11-01,3586355,0.069,107814112,183,11294060,0.01,0.729,0.261,0.07,0.182,0.665,92,1236,0.548
C003,2025-08-01,9717381,0.073,21536978,83,2327131,0.01,0.707,0.283,0.099,0.706,0.858,58,4479,0.341
C003,2025-09-01,68712349,0.119,291304145,7,30874146,0.192,,0.057,0.01,0.736,0.796,80,4121,0.456
C003,2025-12-01,55210624,0.143,399110612,39,36509095,0.01,0.909,0.081,0.041,0.371,0.521,16,1851,0.798
C003,2025-03-01,70485673,0.668,183520680,190,18178806,0.01,,0.388,0.021,0.12,0.566,31,2556,0.624
C004,2025-04-01,777953,0.335,243807372,60,24341012,0.01,0.679,0.311,0.008,0.681,0.704,31,4000,0.869
C004,2025-12-01,79174240,0.245,165731751,145,17958978,0.01,0.609,0.381,0.014,0.167,0.686,94,2140,0.872
C004,2025-03-01,16641923,0.411,583163604,122,61378536,0.01,0.695,0.295,0.04,0.01,0.463,99,2473,0.338
C004,2025-09-01,30416580,0.622,146062515,120,14538330,0.014,0.821,0.164,0.012,0.354,0.663,70,1458,0.549
C004,2025-02-01,72860169,0.658,119529621,94,13075766,0.177,0.755,0.068,0.084,0.301,0.832,5,2012,0.543
C004,2025-08-01,59301355,0.568,166113859,169,17197836,0.01,0.498,0.492,0.002,0.754,0.779,85,4372,0.776
C004,2025-10-01,70782058,0.633,430473634,67,40209078,0.01,0.618,0.372,0.1,0.152,0.432,62,1037,0.387
C004,2025-06-01,9500106,0.285,127517567,47,12025529,0.056,0.829,0.116,0.079,0.716,0.887,65,4920,0.415
C004,2025-05-01,50888823,0.269,485903101,210,48451496,0.01,0.752,0.238,0.086,0.759,0.76,8,3873,0.481
C004,2025-07-01,57909657,0.138,26263993,191,2568515,0.01,0.862,0.128,0.096,0.501,0.614,79,3505,0.933
C004,2025-11-01,25823105,0.471,59832919,40,5714532,0.111,0.755,0.134,0.031,0.625,0.842,58,3554,0.693
C005,2025-10-01,98091072,0.063,34040778,158,3226588,0.01,0.514,,0.095,0.536,0.81,6,4247,0.968
C005,2025-06-01,54081968,0.108,79064771,152,8199398,0.01,0.595,0.395,0.002,0.114,0.885,42,1278,0.81
C005,2025-01-01,54598631,0.254,368052864,140,36823100,0.01,0.709,0.281,0.05,0.468,0.482,47,1026,0.437
C005,2025-04-01,18560331,0.55,819564722,91,80987183,0.01,0.642,0.348,0.037,0.742,0.762,7,5000,0.538
C005,2025-02-01,16979047,0.19,371745429,132,37054239,0.01,0.756,0.234,0.02,0.262,0.398,10,2363,0.855
C005,2025-09-01,60303236,0.524,259586265,209,27799535,0.01,0.724,0.266,0.047,0.285,0.347,62,2048,0.572
C005,2025-07-01,76777612,0.589,891828502,146,93301208,0.01,0.84,0.15,0.055,0.729,0.847,46,3559,0.367
C005,2025-03-01,12081314,0.635,209491806,19,20342038,0.01,,0.488,0.007,0.396,0.619,12,2516,0.53
C006,2025-02-01,7770035,0.543,193402356,118,21070092,0.019,0.86,0.121,0.089,0.344,0.35,69,1580,0.386
C006,2025-04-01,75183268,0.087,558497159,180,52501776,0.01,0.774,0.216,0.011,0.756,0.781,39,4623,0.938
C006,2025-01-01,5346909,0.126,115912944,184,10744336,0.01,0.744,0.246,0.086,0.195,0.791,59,1107,0.393
C006,2025-05-01,73008571,0.32,445613880,152,41048613,0.01,0.573,0.417,0.095,0.309,0.645,41,2101,0.411
C006,2025-08-01,74435039,0.556,629753023,116,63968398,0.01,0.551,0.439,0.058,0.604,0.839,51,3560,0.889
C006,2025-12-01,65738216,0.616,856406751,77,88881918,0.01,0.55,0.44,0.066,0.19,0.704,91,2195,0.335
C006,2025-10-01,63530967,0.219,767296283,12,72332397,0.033,0.842,0.125,0.054,0.046,0.396,99,2685,0.981
C006,2025-07-01,36147850,0.077,387810240,47,40565907,0.01,,0.365,0.006,0.076,0.797,86,1213,0.7
C006,2025-11-01,94556798,0.427,749313899,132,74623477,0.1,0.808,0.092,0.074,0.404,0.716,46,2275,0.635
C006,2025-03-01,41914506,0.286,272343138,79,26151906,0.066,0.834,0.1,0.1,0.102,0.633,36,2009,0.831
C006,2025-06-01,21145825,0.337,131390092,123,14420287,0.076,0.801,,0.012,0.342,0.789,42,2605,0.579
C006,2025-09-01,86459315,0.668,696817620,159,70462018,0.01,0.864,0.126,0.031,0.743,0.831,92,4565,0.889
C007,2025-07-01,39517557,0.161,198671241,168,21000436,0.01,0.799,0.191,0.055,0.266,0.707,87,1939,0.714
C007,2025-03-01,9340954,0.473,430798436,96,45897810,0.129,,0.045,0.058,0.61,0.786,62,4808,0.604
C007,2025-09-01,29671956,0.511,414697001,100,38261531,0.01,0.683,0.307,0.091,0.422,0.585,60,2115,0.419
C007,2025-04-01,58324442,0.169,640536703,33,63652409,0.01,0.816,0.174,0.05,0.328,0.631,20,1409,0.742
C007,2025-02-01,66314545,0.319,85009235,69,8476989,0.071,0.86,0.068,0.099,0.629,0.814,14,4904,0.581
C007,2025-10-01,27669013,0.327,390822277,79,40818309,0.01,0.501,0.489,0.066,0.164,0.66,52,1188,0.883
C007,2025-01-01,96197894,0.455,686733718,188,66564091,0.01,0.848,0.142,0.077,0.479,0.871,93,1256,0.476
C007,2025-08-01,10117657,0.112,839281700,176,80333368,0.01,0.656,0.334,0.052,0.348,0.584,64,2034,0.812
C007,2025-05-01,29967511,0.555,554435723,127,51714768,0.01,0.751,0.239,0.011,0.443,0.507,90,2527,0.47
C008,2025-12-01,52355311,0.179,278792855,108,28181468,0.01,,0.247,0.06,0.775,0.899,70,3880,0.368
C008,2025-07-01,63260633,0.607,6389607,194,693260,0.01,0.664,0.326,0.042,0.293,0.578,70,2439,0.318
C008,2025-03-01,49228958,0.219,345628887,177,31542720,0.01,0.497,0.493,0.029,0.765,0.775,56,4848,0.914
C008,2025-05-01,25296051,0.197,785584148,127,71261979,0.01,0.844,0.146,0.021,0.292,0.451,81,2902,0.583
C008,2025-08-01,35217918,0.161,566067150,174,51904632,0.218,0.768,0.014,0.098,0.207,0.369,95,1286,0.566
C008,2025-06-01,31907459,0.505,8609337,56,815713,0.01,0.85,0.14,0.088,0.45,0.727,35,1117,0.304
C008,2025-11-01,37077909,0.082,517843573,190,51180209,0.033,0.937,0.03,0.024,0.012,0.692,22,1888,0.487
C008,2025-02-01,18362582,0.439,471368830,34,45391750,0.01,,0.419,0.062,0.065,0.411,7,1163,0.479
C008,2025-04-01,48492180,0.602,410477987,142,39082358,0.01,0.785,0.205,0.042,0.679,0.688,15,3821,0.436
C008,2025-09-01,80599277,0.003,752174886,157,78256612,0.01,0.667,0.323,0.002,0.413,0.832,92,1246,0.614
C008,2025-01-01,98250546,0.207,514377353,96,53875745,0.01,0.881,0.109,0.056,0.029,0.334,94,1586,0.811
C008,2025-10-01,78980582,0.108,308716191,196,28198270,0.01,0.602,0.388,0.059,0.674,0.818,90,4095,0.956
C009,2025-04-01,92274077,0.526,364144296,77,37557861,0.01,0.664,0.326,0.016,0.05,0.517,15,2310,0.444
C009,2025-09-01,47166765,0.223,166920933,213,15299464,0.064,0.783,0.153,0.055,0.239,0.438,53,2403,0.317
C009,2025-05-01,43307701,0.643,142506697,58,12864245,0.108,0.794,,0.01,0.165,0.3,61,2284,0.645
C009,2025-06-01,86042113,0.386,106944568,132,9845807,0.01,0.602,0.388,0.047,0.189,0.844,47,2609,0.304
C009,2025-11-01,34620949,0.099,561832914,167,61630644,0.083,0.758,0.159,0.054,0.594,0.664,22,4004,0.591
C009,2025-01-01,37154203,0.573,402304100,64,36450140,0.01,0.915,0.075,0.065,0.18,0.354,3,1068,0.746
C009,2025-08-01,47804810,0.045,150350689,35,14827512,0.01,0.793,0.197,0.008,0.589,0.889,5,4566,0.624
C010,2025-07-01,59574751,0.212,874103820,161,88816515,0.01,0.863,0.127,0.087,0.476,0.518,35,1012,0.465
C010,2025-02-01,37335778,0.491,365277922,72,33326920,0.01,0.644,0.346,0.064,0.387,0.538,56,2419,0.314
C010,2025-09-01,83354242,0.017,234043437,116,22109285,0.137,,0.022,0.063,0.564,0.871,85,4394,0.406
C010,2025-01-01,29681085,0.123,302055233,70,29193788,0.01,0.769,0.221,0.069,0.306,0.371,74,2557,0.995
C010,2025-05-01,43050424,0.068,739705028,80,79258474,0.01,0.598,0.392,0.05,0.103,0.575,13,1996,0.33
C010,2025-03-01,62844624,0.384,877989350,206,90374130,0.094,0.862,0.044,0.038,0.496,0.859,63,2820,0.876
C010,2025-12-01,64984055,0.016,531343074,99,49541084,0.178,0.769,0.053,0.091,0.779,0.833,68,4060,0.844
C011,2025-05-01,6678683,0.054,366501877,95,40016244,0.049,0.78,0.171,0.057,0.307,0.367,32,2409,0.401
C011,2025-02-01,326990,0.432,650468117,20,70100887,0.01,0.56,0.43,0.099,0.211,0.317,82,1428,0.478
C011,2025-08-01,92038483,0.172,737721821,148,70293497,0.01,0.602,0.388,0.006,0.293,0.449,30,1399,0.554
C011,2025-06-01,67866336,0.084,771659326,123,72473412,0.126,,0.023,0.054,0.673,0.846,55,3813,0.613
C011,2025-04-01,45227751,0.622,880661093,138,85969926,0.01,0.513,0.477,0.033,0.791,0.882,92,4938,0.825
C011,2025-09-01,11825429,0.614,147645764,133,16139228,0.01,0.826,0.164,0.021,0.51,0.899,15,4841,0.426
C011,2025-11-01,37013989,0.447,547240910,126,56761448,0.01,0.811,0.179,0.075,0.601,0.735,61,4671,0.591
C012,2025-12-01,76835205,0.608,160236416,176,15154892,0.05,0.894,0.056,0.029,0.02,0.883,35,2982,0.321
C012,2025-01-01,30959525,0.208,174811085,143,16448940,0.139,0.851,0.011,0.079,0.251,0.775,17,1991,0.815
C012,2025-11-01,23925417,0.168,181804867,66,18632451,0.01,,0.35,0.096,0.781,0.832,8,3847,0.663
C012,2025-03-01,61368204,0.401,309958575,190,28416561,0.01,0.726,0.264,0.082,0.735,0.8,35,3911,0.762
C012,2025-06-01,97531950,0.632,108611814,108,10936959,0.01,0.563,0.427,0.09,0.565,0.763,17,4258,0.326
C012,2025-09-01,98647394,0.235,722068770,164,66958738,0.154,0.824,0.021,0.081,0.649,0.677,74,4795,0.352
C012,2025-05-01,38822697,0.413,506679201,139,51477764,0.081,0.897,0.023,0.072,0.333,0.367,79,2036,0.608
C012,2025-10-01,36379716,0.667,336975451,173,31246240,0.107,0.867,0.026,0.015,0.451,0.493,12,1864,0.585
C012,2025-02-01,52861323,0.473,895544974,156,97537522,0.01,,0.18,0,0.389,0.595,92,1731,0.711
C012,2025-04-01,66452990,0.212,400635512,104,43912408,0.01,0.728,0.262,0.068,0.486,0.675,4,2812,0.338
C012,2025-07-01,38005065,0.362,125074281,88,13132066,0.01,0.544,0.446,0.045,0.763,0.864,29,3628,0.726
C012,2025-08-01,65752557,0.114,126993688,180,12755075,0.01,0.665,0.325,0.099,0.016,0.775,96,2744,0.414
C013,2025-10-01,20314328,0.255,188279661,20,17292655,0.01,0.8,0.19,0.098,0.365,0.782,5,1430,0.885
C013,2025-05-01,69115125,0.593,64548031,128,5847193,0.01,0.701,0.289,0.032,0.723,0.789,34,4741,0.865
C013,2025-04-01,13168742,0.638,662919131,119,69997896,0.01,0.665,0.325,0.019,0.203,0.869,7,2265,0.478
C013,2025-08-01,72192514,0.282,77091311,55,7952758,0.01,0.692,0.298,0.1,0.172,0.417,7,2974,0.924
C013,2025-12-01,58922438,0.231,361956869,187,34991657,0.01,0.545,0.445,0.085,0.295,0.69,36,2682,0.474
C013,2025-06-01,70276024,0.49,523592446,164,53138224,0.01,0.828,0.162,0.064,0.54,0.77,69,4351,0.491
C014,2025-04-01,67966235,0.357,237994775,52,25495022,0.01,0.641,0.349,0.019,0.547,0.835,93,4515,0.488
C014,2025-09-01,22182699,0.038,723024226,156,67387555,0.01,0.713,0.277,0.047,0.216,0.805,42,2375,0.326
C014,2025-12-01,69452923,0.106,646128162,164,63899806,0.18,0.752,0.067,0.009,0.289,0.822,47,2275,0.845
C014,2025-01-01,8772655,0.539,276840007,60,28350059,0.01,0.573,0.417,0,0.071,0.89,10,2463,0.92
C014,2025-11-01,81080835,0.369,411948337,97,41453610,0.01,,0.149,0.055,0.673,0.824,45,3791,0.93
C014,2025-02-01,97862984,0.667,299855245,166,32154120,0.088,0.803,0.109,0.096,0.621,0.74,37,4914,0.583
C014,2025-08-01,53550574,0.636,422204931,29,38008547,0.01,0.535,0.455,0.071,0.755,0.814,96,4277,0.745
C014,2025-03-01,51039481,0.091,120270301,23,11963633,0.01,0.899,,0.043,0.523,0.618,63,4697,0.335
C014,2025-10-01,15459182,0.595,570645027,7,60903721,0.01,0.517,0.473,0.077,0.41,0.475,18,1815,0.819
C014,2025-06-01,27263177,0.466,626639933,18,65580054,0.01,0.857,0.133,0.063,0.426,0.693,55,1504,0.955
C014,2025-05-01,27811669,0.506,137931193,49,13139286,0.01,0.724,0.266,0.006,0.73,0.765,61,3680,0.323
C015,2025-03-01,54048513,0.69,215438573,136,20750938,0.01,,0.258,0.034,0.064,0.465,26,1218,0.429
C015,2025-04-01,25605518,0.083,156141283,63,15931502,0.088,0.849,0.063,0.066,0.076,0.467,30,1840,0.505
C015,2025-12-01,88798019,0.655,737830634,212,67246493,0.057,0.932,0.011,0.042,0.126,0.63,67,2284,0.631
C015,2025-11-01,94195665,0.314,679393342,218,65089093,0.01,0.549,0.441,0.096,0.635,0.71,49,4595,0.927
C015,2025-07-01,93481670,0.69,716461500,149,74864536,0.01,0.75,0.24,0.053,0.031,0.811,5,1120,0.657
C015,2025-02-01,19777795,0.317,553557944,192,53508543,0.01,0.587,0.403,0.008,0.619,0.807,12,4621,0.658
C015,2025-10-01,51510970,0.503,565915665,87,52351636,0.01,0.666,0.324,0.08,0.696,0.765,8,3567,0.925
C015,2025-08-01,23451476,0.074,808985037,82,78271269,0.182,0.815,0.003,0.081,0.647,0.654,23,4410,0.767
C015,2025-06-01,45519438,0.6,830281052,131,75579048,0.012,0.95,0.038,0.001,0.123,0.604,26,1508,0.985
C015,2025-01-01,46291463,0.498,591376920,94,54446512,0.01,0.584,0.406,0.018,0.066,0.395,42,1264,0.369
C015,2025-05-01,10654981,0.33,257497561,130,28090447,0.18,0.78,0.04,0.042,0.63,0.731,34,4220,0.535
C016,2025-08-01,3981052,0.614,856544167,130,78869052,0.042,0.877,0.081,0.024,0.261,0.427,9,1372,0.837
C016,2025-02-01,99596420,0.593,297832431,140,30454669,0.048,0.89,0.062,0.055,0.763,0.808,54,4987,0.395
C016,2025-11-01,42774281,0.436,438386380,36,47568581,0.01,0.61,0.38,0.061,0.025,0.456,47,1580,0.641
C016,2025-04-01,63737846,0.283,300196170,164,32938059,0.063,0.89,0.047,0.014,0.086,0.323,29,2677,0.403
C016,2025-12-01,87137952,0.642,660145597,167,67830027,0.01,0.768,0.222,0.019,0.392,0.404,9,2351,0.943
C016,2025-07-01,76674967,0.524,462579897,13,47995459,0.01,0.509,0.481,0.007,0.388,0.638,90,2245,0.952
C016,2025-10-01,44535968,0.159,104403624,172,11237441,0.01,0.7,0.29,0.099,0.138,0.768,34,1602,0.746
C016,2025-09-01,27093061,0.153,580790495,211,58301244,0.01,0.739,0.251,0.013,0.433,0.881,16,2937,0.408
C016,2025-06-01,96493995,0.06,758388336,27,79435151,0.15,,0.071,0.047,0.429,0.751,26,1815,0.789
C017,2025-07-01,48358783,0.139,822140264,49,75235116,0.01,0.797,0.193,0.011,0.131,0.704,70,1347,0.675
C017,2025-02-01,84080554,0.002,581393288,216,57403761,0.01,0.548,0.442,0.064,0.057,0.353,44,1717,0.305
C017,2025-12-01,86310488,0.617,369235246,195,36366257,0.024,0.803,0.173,0.048,0.416,0.688,26,2677,0.315
C017,2025-01-01,45053822,0.304,899706799,219,83145053,0.01,0.838,0.152,0.083,0.787,0.841,19,3661,0.639
C017,2025-11-01,81509778,0.443,754445989,65,81258602,0.01,0.673,,0.048,0.413,0.583,61,1135,0.968
C017,2025-04-01,23557380,0.525,583605816,54,63192863,0.01,0.762,0.228,0.091,0.672,0.719,57,3746,0.492
C017,2025-05-01,39847241,0.568,318367010,32,28921664,0.01,0.887,0.103,0.058,0.634,0.808,16,4831,0.457
C017,2025-08-01,15856963,0.501,528335723,87,50781576,0.01,0.784,0.206,0.031,0.673,0.674,97,4723,0.721
C017,2025-09-01,86724858,0.484,817990039,160,85166814,0.01,0.781,0.209,0.098,0.552,0.705,47,4346,0.35
C017,2025-10-01,62739731,0.207,850241277,202,79892839,0.177,0.808,0.015,0.057,0.58,0.65,96,3979,0.949
C017,2025-06-01,66238988,0.185,248205558,89,24556941,0.156,0.752,0.092,0.057,0.464,0.772,39,2891,0.516
C018,2025-06-01,18733945,0.5,212633477,83,21973450,0.01,0.802,0.188,0.021,0.265,0.316,14,2459,0.56
C018,2025-08-01,6530457,0.529,301572811,81,31208116,0.01,0.719,0.271,0.016,0.736,0.87,58,4263,0.345
C018,2025-05-01,99934529,0.656,48931838,84,4441053,0.01,0.846,0.144,0.092,0.549,0.574,6,4033,0.997
C018,2025-01-01,5987203,0.111,649675508,172,70570078,0.014,0.755,0.231,0.04,0.32,0.706,53,2095,0.928
C018,2025-07-01,65483518,0.133,627257066,162,63085334,0.01,0.803,0.187,0.089,0.499,0.685,46,1240,0.308
C018,2025-02-01,85608202,0.294,673206375,90,73911139,0.01,,0.412,0.035,0.177,0.553,20,2442,0.622
C018,2025-03-01,40329703,0.342,282249237,29,30756069,0.029,0.818,0.154,0.092,0.023,0.464,13,2451,0.565
C018,2025-10-01,43813925,0.619,300128861,197,28171608,0.01,0.555,0.435,0.074,0.456,0.607,57,1843,0.463
C018,2025-11-01,63436428,0.017,756600292,37,80656495,0.01,0.658,0.332,0.008,0.748,0.825,36,3713,0.746
C019,2025-08-01,50361224,0.511,468351347,13,45190281,0.01,0.679,0.311,0.094,0.776,0.786,4,4214,0.765
C019,2025-07-01,84699995,0.121,555548230,9,56261672,0.012,0.928,0.06,0.06,0.369,0.853,42,2019,0.904
C019,2025-05-01,60964026,0.63,107832452,66,11530650,0.01,0.681,0.309,0.021,0.749,0.803,38,4803,0.845
C019,2025-06-01,58942039,0.47,396690857,92,41970201,0.044,0.775,0.181,0.097,0.089,0.731,74,1810,0.511
C019,2025-12-01,76849627,0.452,794492659,205,84640918,0.133,0.823,0.044,0.09,0.091,0.743,99,2086,0.482
C019,2025-09-01,73818683,0.478,730756900,201,69008790,0.039,0.817,0.145,0.034,0.656,0.747,40,4160,0.829
C019,2025-03-01,74142772,0.609,20697910,69,2147017,0.01,0.715,0.275,0.003,0.052,0.702,20,1013,0.72
C019,2025-10-01,26622122,0.619,720337851,154,76735567,0.01,,0.253,0.004,0.487,0.517,33,1320,0.573
C019,2025-01-01,63850583,0.184,782225925,94,70938886,0.01,0.699,0.291,0.022,0.665,0.878,27,4894,0.841
C019,2025-04-01,48643641,0.339,677289045,177,66989923,0.01,0.732,0.258,0.098,0.138,0.836,22,1528,0.395
C019,2025-11-01,67790910,0.413,806181059,90,82152280,0.01,0.818,0.172,0.034,0.705,0.884,53,4215,0.819
C020,2025-05-01,76433474,0.048,477458179,200,52131587,0.01,0.513,0.477,0.004,0.376,0.418,92,2089,0.617
C020,2025-11-01,61362284,0.443,2361350,203,213939,0.01,0.503,0.487,0.04,0.587,0.783,14,4197,0.981
C020,2025-10-01,17028144,0.303,702983369,65,73077564,0.01,0.782,0.208,0.097,0.39,0.652,51,2319,0.696
C020,2025-06-01,11638187,0.14,238444335,132,22071125,0.01,0.535,0.455,0.097,0.072,0.466,38,2162,0.429
C020,2025-04-01,33462003,0.099,455849691,108,43765396,0.065,0.82,0.115,0.001,0.107,0.671,87,2169,0.716
C020,2025-03-01,24468069,0.419,656003212,60,59274419,0.161,0.824,0.015,0.083,0.642,0.757,100,4752,0.65
C020,2025-12-01,52190896,0.209,214987178,15,20207296,0.01,0.683,0.307,0.016,0.419,0.474,10,2863,0.95
C020,2025-02-01,83253066,0.387,111335729,178,11694771,0.01,0.556,0.434,0.006,0.197,0.512,35,1642,0.578
C020,2025-08-01,75008333,0.634,81145435,217,8051119,0.01,0.601,0.389,0.07,0.133,0.778,54,2819,0.375
C020,2025-01-01,10776169,0.461,737941123,97,74437779,0.01,,0.224,0.086,0.104,0.378,75,2718,0.716
C021,2025-11-01,88291293,0.35,608738335,73,55154604,0.066,0.9,0.035,0.083,0.537,0.825,67,4221,0.789
C021,2025-07-01,31857151,0.533,99374230,210,10450105,0.029,0.878,0.093,0.059,0.393,0.873,40,2400,0.83
C021,2025-09-01,58799145,0.695,232710528,172,23713332,0.047,0.927,0.026,0.01,0.597,0.625,64,4336,0.905
C021,2025-06-01,10672645,0.114,507724118,220,52859590,0.154,0.823,0.023,0.075,0.526,0.877,47,3860,0.611
C021,2025-10-01,41257043,0.313,285152457,45,28260123,0.01,0.623,0.367,0.096,0.212,0.792,10,1936,0.42
C021,2025-08-01,15965868,0.319,606191008,108,54690632,0.01,0.897,0.093,0.048,0.109,0.618,44,1443,0.598
C021,2025-01-01,94650163,0.228,268311338,69,28857241,0.01,0.701,0.289,0.013,0.772,0.889,91,4575,0.76
C021,2025-04-01,32216087,0.434,771420130,144,72587333,0.01,,0.191,0.084,0.681,0.765,38,4547,0.698
C021,2025-02-01,80911371,0.134,599076365,202,58498683,0.01,0.504,0.486,0.082,0.675,0.725,96,4585,0.457
C021,2025-05-01,55105143,0.596,663687475,183,68408577,0.01,0.509,0.481,0.009,0.528,0.6,38,3900,0.888
C021,2025-03-01,74324117,0.629,157543654,175,14276825,0.01,0.727,0.263,0.012,0.446,0.834,53,2364,0.348
C022,2025-03-01,17555661,0.527,100353149,159,10665686,0.01,0.655,0.335,0.056,0.086,0.425,79,1992,0.744
C022,2025-05-01,25223167,0.027,399095440,83,39006672,0.139,0.82,0.041,0.087,0.168,0.395,20,2092,0.396
C022,2025-02-01,46133956,0.26,443630995,187,40970640,,0.539,0.451,0.066,0.241,0.869,31,2523,0.46
C022,2025-12-01,24513605,0.338,298626997,101,30861076,0.01,0.585,0.405,0.064,0.548,0.75,58,4302,0.879
C022,2025-06-01,83882555,0.614,696894717,203,65082295,0.01,0.628,0.362,0.01,0.195,0.671,93,2725,0.519
C022,2025-08-01,30600108,0.035,180473758,8,18899042,0.01,0.664,0.326,0.084,0.712,0.752,4,3551,0.686
C022,2025-11-01,14466410,0.156,459294332,81,50174239,0.01,0.611,0.379,0.028,0.182,0.301,86,1864,0.959
C022,2025-07-01,45596445,0.58,480583441,191,48141352,0.181,0.812,0.007,0.002,0.051,0.428,31,2642,0.661
C022,2025-09-01,2178154,0.648,396384617,105,41169555,0.01,0.597,0.393,0.07,0.421,0.837,11,1907,0.427
C022,2025-10-01,34285114,0.215,309676759,207,29011098,0.082,0.826,0.092,0.055,0.05,0.544,22,2285,0.508
C023,2025-02-01,27452086,0.041,704016411,53,74470664,0.01,0.738,0.252,0.055,0.619,0.791,41,3907,0.423
C023,2025-07-01,47540910,0.111,179838380,199,18778938,0.032,0.888,0.081,0.014,0.191,0.559,58,1326,0.572
C023,2025-11-01,19988143,0.179,491435452,91,48125144,0.01,,0.298,0.019,0.661,0.734,43,4773,0.631
C023,2025-03-01,23115446,0.559,595526341,200,56713700,0.082,0.808,0.11,0.054,0.533,0.679,75,4053,0.752
C023,2025-04-01,75881758,0.495,868250094,190,78968794,0.01,0.504,0.486,0.021,0.554,0.755,32,3851,0.947
C023,2025-08-01,33901430,0.098,204211533,148,21729242,0.01,0.704,0.286,0.079,0.343,0.857,31,2097,0.837
C023,2025-10-01,52582528,0.473,845464685,174,79196433,0.06,0.823,0.117,0.002,0.342,0.557,17,2582,0.863
C024,2025-02-01,75877763,0.472,671602871,118,63005896,0.073,0.916,0.011,0.022,0.732,0.877,3,3742,0.684
C024,2025-12-01,42626394,0.165,92952680,197,8659325,0.01,0.783,0.207,0.069,0.789,0.83,50,4826,0.355
C024,2025-01-01,51284562,0.39,179479033,164,19545637,0.01,0.557,0.433,0.055,0.422,0.454,42,2117,0.511
C024,2025-10-01,76248939,0.41,348733746,85,32529173,0.01,0.643,0.347,0.074,0.112,0.865,5,2595,0.511
C024,2025-08-01,15845241,0.384,869270457,110,91247352,0.128,0.871,0.001,0.067,0.349,0.899,81,2877,0.717
C024,2025-09-01,31520567,0.634,881336350,40,90097283,0.01,,0.222,0.059,0.236,0.45,41,2651,0.37
C024,2025-11-01,15282251,0.405,496362549,158,49499196,0.034,0.829,0.137,0.099,0.151,0.685,84,1106,0.393
C024,2025-04-01,17747893,0.26,750850769,101,72041470,0.046,0.879,0.075,0.038,0.255,0.302,42,1361,0.493
C024,2025-05-01,45305452,0.17,607778059,10,59684883,0.01,0.886,0.104,0.088,0.612,0.619,29,4223,0.932
C024,2025-07-01,46363370,0.435,884509978,200,81001480,0.01,0.501,0.489,0.091,0.438,0.753,35,2060,0.783
C024,2025-06-01,18010317,0.413,456190053,173,49611579,0.01,0.737,0.253,0.029,0.638,0.841,87,4684,0.694
C024,2025-03-01,27574499,0.263,94856928,211,9450261,0.01,0.752,0.238,0.049,0.223,0.66,6,2440,0.991
C025,2025-01-01,67239552,0.42,799262312,94,74882234,0.01,0.625,0.365,0.03,0.409,0.437,35,1181,0.528
C025,2025-07-01,7002014,0.522,890062405,49,97685757,0.01,0.838,0.152,0.033,0.495,0.828,67,1074,0.361
C025,2025-04-01,2606158,0.646,404092939,27,37851821,0.01,0.738,0.252,0.097,0.695,0.718,9,4631,0.565
C025,2025-02-01,80546358,0.029,113066371,164,10461128,0.01,0.723,0.267,0.044,0.237,0.691,98,1954,0.823
C025,2025-08-01,16919458,0.067,115976896,50,12557043,0.01,0.566,0.424,0.055,0.761,0.782,8,4988,0.869
C025,2025-05-01,69091940,0.601,859683601,127,78103746,0.01,0.63,0.36,0.079,0.775,0.847,53,4889,0.713
C025,2025-11-01,44443576,0.187,630386840,147,64054070,0.01,0.65,0.34,0.066,0.785,0.853,41,4214,0.476
C025,2025-10-01,42777136,0.225,289105367,125,30584269,0.01,,0.279,0.039,0.559,0.642,79,4278,0.902
C026,2025-12-01,68670954,0.197,210154341,144,22938229,0.01,0.636,0.354,0.068,0.149,0.322,93,2875,0.571
C026,2025-09-01,56987350,0.404,459528417,206,46057815,0.01,0.694,0.296,0.065,0.033,0.802,32,1562,0.837
C026,2025-06-01,14393839,0.204,463661379,64,42433131,0.115,0.826,0.06,0.054,0.324,0.469,9,2595,0.379
C026,2025-10-01,29371036,0.444,834034380,115,85870374,0.01,0.707,0.283,0.059,0.252,0.635,76,1400,0.318
C026,2025-08-01,72066625,0.071,62393278,76,5927093,0.016,0.877,0.107,0.029,0.613,0.719,95,4334,0.58
C026,2025-01-01,56979951,0.094,285180981,154,30449459,0.078,0.831,0.091,0.004,0.108,0.413,62,1899,0.857
C026,2025-02-01,2348338,0.675,861935042,20,84909664,0.01,0.496,0.494,0.06,0.211,0.356,12,1451,0.999
C026,2025-04-01,98408186,0.509,737387360,142,74088316,0.01,0.581,0.409,0.017,0.375,0.506,93,1515,0.985
C026,2025-03-01,23537988,0.663,425466122,50,43783492,0.01,0.792,0.198,0.056,0.265,0.645,69,2463,0.616
C026,2025-07-01,40710078,0.071,592482253,195,62407421,0.01,0.536,0.454,0.052,0.112,0.888,84,1383,0.91
C026,2025-05-01,24446922,0.383,616813322,5,58990127,,0.637,0.353,0.011,0.464,0.602,92,2283,0.958
C026,2025-11-01,5931467,0.672,771273798,197,81851997,0.092,0.796,0.112,0.045,0.48,0.798,97,2589,0.872
C027,2025-12-01,97477692,0.224,261681145,212,26432049,0.07,0.803,0.127,0.054,0.68,0.866,32,4437,0.544
C027,2025-08-01,15417302,0.349,670253700,7,66101078,0.084,0.801,0.115,0.074,0.287,0.408,81,2246,0.567
C027,2025-01-01,73860648,0.522,3905495,134,403660,0.01,0.646,0.344,0.06,0.468,0.468,86,2597,0.829
C027,2025-10-01,44647343,0.03,232856428,123,25189877,0.01,0.603,0.387,0.057,0.385,0.495,5,2095,0.634
C027,2025-04-01,67494442,0.325,752357140,145,77732937,0.01,0.836,0.154,0.041,0.603,0.831,86,3858,0.915
C027,2025-06-01,51106252,0.617,689271712,193,67743588,0.01,0.611,0.379,0.088,0.128,0.816,20,1863,0.345
C027,2025-11-01,10328557,0.031,458739652,11,44827463,0.109,0.783,0.107,0.08,0.27,0.339,98,2090,0.628
C027,2025-05-01,35691500,0.305,577135353,26,60536458,0.01,0.548,0.442,0.04,0.662,0.855,17,4273,0.568
C028,2025-11-01,91890450,0.005,47095284,88,4268085,0.06,0.766,0.174,0.074,0.633,0.694,96,4715,0.756
C028,2025-05-01,25646172,0.664,782964130,57,78002360,0.01,0.561,0.429,0.028,0.441,0.697,53,1710,0.798
C028,2025-12-01,7885724,0.463,465830632,212,47139384,0.084,0.903,0.013,0.009,0.595,0.674,71,4888,0.569
C028,2025-09-01,62868939,0.304,680537444,187,73716057,0.01,0.905,0.085,0.092,0.654,0.735,67,4316,0.652
C028,2025-10-01,30149800,0.236,483812008,177,44336692,0.01,0.712,0.278,0.088,0.755,0.787,40,4810,0.726
C028,2025-08-01,77902547,0.001,462135708,92,46781118,0.01,0.652,0.338,0.081,0.516,0.728,32,4284,0.671
C028,2025-07-01,42047975,0.118,17024293,171,1742196,0.01,0.597,0.393,0.002,0.067,0.593,83,2436,0.692
C028,2025-06-01,20299186,0.071,531860195,94,48674487,0.01,0.627,0.363,0.069,0.758,0.837,53,4442,0.558
C028,2025-04-01,23353773,0.342,366351894,157,34380480,0.084,0.821,0.096,0.005,0.344,0.855,42,1148,0.511
C028,2025-01-01,48133754,0.198,836618880,46,91171520,0.019,0.823,0.157,0.099,0.535,0.718,60,4145,0.773
C028,2025-02-01,46410178,0.197,766966106,164,82680953,0.19,0.807,0.003,0.005,0.017,0.871,96,2803,0.564
C029,2025-04-01,78784841,0.505,433142072,101,41529853,0.01,0.571,0.419,0.02,0.66,0.673,16,4909,0.598
C029,2025-12-01,96609884,0.146,587210849,139,55914325,0.01,0.901,0.089,0.025,0.309,0.444,22,2054,0.496
C029,2025-07-01,25892445,0.693,501763168,187,53532281,0.201,0.751,0.048,0.043,0.286,0.775,20,1064,0.795
C029,2025-01-01,52380424,0.253,265131500,137,26507044,0.01,0.496,0.494,0.023,0.481,0.662,41,2012,0.463
C029,2025-05-01,34366024,0.295,745200213,66,80915383,0.01,0.542,0.448,0.09,0.112,0.721,29,2312,0.302
C029,2025-06-01,13877708,0.287,620688690,208,63260152,0.01,0.773,0.217,0.074,0.43,0.792,41,1077,0.757
C029,2025-02-01,79134265,0.473,447348511,6,47588361,0.01,0.57,0.42,0.089,0.056,0.472,40,1234,0.442
C029,2025-11-01,76687030,0.377,267318645,44,28406453,0.01,0.645,0.345,0.056,0.323,0.499,23,1697,0.38
C029,2025-08-01,88610445,0.695,841203883,121,78889684,0.031,0.857,0.112,0.044,0.188,0.83,90,2066,0.75
C029,2025-09-01,36815847,0.157,567388270,215,52743843,0.01,0.509,0.481,0.067,0.758,0.84,54,4178,0.994
C029,2025-10-01,34884294,0.327,885350462,181,90996540,0.01,0.833,0.157,0.062,0.793,0.846,54,4692,0.377
C030,2025-09-01,72146551,0.513,259055354,176,24456680,0.01,0.607,0.383,0.082,0.09,0.837,56,2631,0.529
C030,2025-03-01,23840959,0.284,740228694,150,68361613,0.01,0.546,0.444,0.089,0.401,0.692,5,1541,0.831
C030,2025-07-01,74674232,0.157,135828872,57,14446747,0.01,0.584,0.406,0.046,0.334,0.622,42,2997,0.829
C030,2025-05-01,20971332,0.121,520850754,99,52379365,0.01,0.808,0.182,0.015,0.177,0.758,9,1611,0.958
C030,2025-11-01,67442358,0.285,609546157,195,65626938,0.01,0.658,0.332,0.091,0.357,0.716,34,2943,0.424
C030,2025-06-01,35282823,0.038,104463687,111,10348483,0.01,0.792,0.198,0.087,0.675,0.729,58,3823,0.312
C030,2025-12-01,73009964,0.014,46120486,60,4588765,0.01,0.651,0.339,0.03,0.747,0.805,71,4547,0.836
C030,2025-04-01,78024746,0.145,180337984,86,17130529,0.01,0.67,0.32,0.041,0.212,0.816,33,1524,0.557
C030,2025-02-01,87538552,0.523,22240766,160,2394299,0.01,0.687,0.303,0.088,0.384,0.457,4,1745,0.689
C030,2025-08-01,69579144,0.488,265141900,197,26679745,0.01,0.533,0.457,0.098,0.117,0.887,47,1085,0.591
C030,2025-10-01,22423182,0.555,855639293,88,79724962,0.129,0.782,0.089,0.073,0.304,0.721,62,1397,0.699
C030,2025-01-01,76522425,0.24,896320363,41,83370872,0.01,0.838,0.152,0.095,0.118,0.796,49,1060,0.868
C031,2025-06-01,45262900,0.299,767559155,85,70451440,0.01,0.569,0.421,0.02,0.238,0.793,19,2520,0.525
C031,2025-04-01,3850732,0.183,571816885,135,61032205,0.01,0.783,0.207,0.034,0.271,0.554,63,1391,0.913
C031,2025-03-01,54354281,0.485,170420944,99,18454425,0.01,0.617,0.373,0.036,0.566,0.598,45,4018,0.67
C031,2025-01-01,36899880,0.648,734405646,35,78698728,0.01,0.808,0.182,0.055,0.714,0.735,9,4062,0.984
C031,2025-12-01,31410973,0.584,338935749,164,30512325,,0.612,0.378,0.04,0.403,0.597,65,2198,0.913
C031,2025-02-01,50676900,0.608,227307146,57,24883419,0.01,0.604,0.386,0.044,0.333,0.538,28,2030,0.555
C031,2025-11-01,81125523,0.481,223796629,66,21522002,0.01,0.612,0.378,0.097,0.064,0.374,20,2153,0.65
C031,2025-08-01,98339953,0.124,654740304,7,65392324,0.01,0.673,0.317,0.089,0.309,0.484,4,2748,0.818
C031,2025-05-01,70654217,0.39,795430055,169,76160992,0.012,0.943,0.045,0.032,0.446,0.861,33,1629,0.326
C031,2025-07-01,32001294,0.653,777538656,79,79315508,0.01,0.696,0.294,0.093,0.422,0.781,32,1604,0.744
C031,2025-09-01,14283336,0.014,258201510,43,23634825,0.01,0.756,0.234,0.026,0.685,0.708,89,3529,0.375
C031,2025-10-01,84068594,0.398,496322930,138,46467019,0.01,0.782,0.208,0.029,0.145,0.646,14,1537,0.301
C032,2025-10-01,36052244,0.088,720454219,8,72014778,0.01,0.499,0.491,0.041,0.552,0.805,10,4653,0.433
C032,2025-06-01,26539621,0.101,98467364,168,10661212,0.01,0.93,0.06,0.068,0.387,0.442,65,1243,0.862
C032,2025-09-01,92830456,0.682,181144874,26,16386586,0.01,0.56,0.43,0.028,0.368,0.716,85,2876,0.354
C032,2025-04-01,99463063,0.247,637149811,147,67095807,0.089,0.875,0.036,0.021,0.416,0.421,37,2046,0.619
C032,2025-03-01,32202690,0.508,814504592,137,74454426,0.081,0.803,0.117,0.051,0.572,0.817,42,3755,0.492
C032,2025-07-01,79804471,0.574,337075197,49,31624098,0.12,0.765,0.115,0.011,0.025,0.844,57,1034,0.953
C032,2025-08-01,13663005,0.064,21281527,118,2252658,0.01,0.58,0.41,0.024,0.75,0.78,73,4795,0.41
C032,2025-12-01,65826097,0.265,14479454,58,1406409,0.01,0.526,0.464,0.078,0.565,0.802,57,4157,0.789
C032,2025-02-01,61042002,0.06,778967202,201,85323676,0.01,0.718,0.272,0.081,0.729,0.895,87,4219,0.357
C032,2025-05-01,79068385,0.689,799013630,86,80253189,0.01,0.665,,0.024,0.512,0.649,62,3567,0.503
C032,2025-11-01,93997271,0.189,191880319,109,20886374,0.01,0.639,0.351,0.037,0.527,0.706,15,3608,0.544
C033,2025-03-01,24643609,0.061,184167462,95,18213010,0.018,0.753,0.229,0.057,0.145,0.751,62,2258,0.364
C033,2025-10-01,76433420,0.278,305885243,124,32409806,0.092,0.794,0.114,0.033,0.755,0.772,29,4239,0.835
C033,2025-01-01,20961051,0.281,753929686,131,73388109,0.01,0.541,0.449,0.045,0.284,0.47,68,2069,0.388
C033,2025-09-01,79464017,0.163,583265270,186,58788855,0.01,,0.467,0.057,0.554,0.739,78,4489,0.421
C033,2025-08-01,70853885,0.381,476793501,38,48883670,0.01,0.649,0.341,0.019,0.429,0.575,6,1463,0.867
C033,2025-05-01,81110784,0.145,852368976,28,83236216,0.105,0.892,0.003,0.016,0.776,0.806,97,3650,0.995
C034,2025-09-01,49406120,0.021,310291041,77,28705406,0.025,0.821,0.154,0.038,0.246,0.505,93,2276,0.818
C034,2025-08-01,33175177,0.572,794910948,134,83813769,0.161,0.771,0.068,0.009,0.31,0.447,75,1412,0.615
C034,2025-06-01,77225061,0.291,555790896,32,52009264,0.01,0.815,0.175,0.05,0.47,0.682,24,2093,0.722
C034,2025-10-01,89687688,0.423,50865736,152,5245041,0.01,0.632,0.358,0.036,0.38,0.831,78,1097,0.988
C034,2025-11-01,74088020,0.436,5138958,136,524065,0.01,0.772,0.218,0.057,0.018,0.529,50,1879,0.452
C034,2025-07-01,67490833,0.219,508704741,210,50747272,0.01,0.558,0.432,0.074,0.483,0.868,11,1219,0.741
C034,2025-04-01,78529828,0.207,539698893,152,58151769,0.01,0.793,0.197,0.017,0.267,0.431,14,2874,0.322
C034,2025-02-01,49312214,0.389,177964595,87,16784051,0.01,0.629,0.361,0.03,0.169,0.417,82,2310,0.707
C034,2025-05-01,76592507,0.02,272169857,197,27379416,0.01,0.517,0.473,0.024,0.55,0.639,4,4841,0.907
C034,2025-01-01,71356543,0.071,784753885,62,85118921,0.01,0.525,0.465,0.047,0.016,0.304,38,2427,0.576
C034,2025-12-01,23954505,0.35,408345373,206,39417497,0.01,0.596,0.394,0.02,0.049,0.724,75,2169,0.454
C034,2025-03-01,42782027,0.151,483472751,17,49938747,0.01,0.749,0.241,0.062,0.22,0.806,76,1296,0.389
C035,2025-04-01,64325097,0.607,753267104,175,79467576,0.01,0.75,0.24,0.072,0.196,0.714,61,2805,0.969
C035,2025-12-01,64862810,0.695,150552512,213,15501070,0.01,0.662,0.328,0.006,0.582,0.605,65,4040,0.471
C035,2025-05-01,54973687,0.155,35123662,146,3815661,0.01,0.685,0.305,0.076,0.672,0.794,4,3911,0.915
C035,2025-06-01,16008977,0.283,366231546,174,35948758,0.01,0.542,0.448,0.043,0.342,0.696,94,2549,0.616
C035,2025-10-01,42445110,0.624,237543108,183,23443090,0.01,0.595,0.395,0.096,0.016,0.352,13,1998,0.475
C035,2025-07-01,99794423,0.526,253240946,94,23454382,0.01,0.82,0.17,0.096,0.799,0.85,45,4847,0.631
C035,2025-09-01,10910582,0.082,378381379,209,34838073,0.01,0.786,0.204,0.004,0.386,0.542,15,2562,0.695
C035,2025-03-01,5225809,0.023,644497281,70,58612305,0.01,0.598,0.392,0.097,0.732,0.837,54,4442,0.783
C035,2025-11-01,51505281,0.621,452744116,172,43206309,0.174,0.808,0.018,0.069,0.171,0.756,73,2023,0.884
C035,2025-02-01,80614252,0.353,283798131,82,27479291,0.05,0.942,0.008,0.001,0.409,0.546,22,2007,0.991
C036,2025-01-01,50164326,0.514,899616,181,88294,0.119,0.848,0.033,0.046,0.222,0.457,47,1222,0.588
C036,2025-05-01,41366186,0.693,661883284,125,62210873,0.01,0.632,0.358,0.049,0.385,0.433,42,2823,0.585
C036,2025-12-01,74350759,0.508,572415027,53,60332814,0.01,0.725,0.265,0.073,0.139,0.448,23,2711,0.562
C036,2025-03-01,95646228,0.266,268277016,97,28535972,0.01,0.844,0.146,0.094,0.039,0.309,83,2876,0.864
C036,2025-07-01,8774789,0.346,818722641,142,87868886,0.028,0.818,0.154,0.072,0.138,0.87,83,1091,0.61
C036,2025-11-01,7806272,0.659,281961539,112,27411101,0.134,0.762,0.104,0.052,0.457,0.775,96,1488,0.301
C036,2025-02-01,94301717,0.437,476231507,202,43134190,0.068,0.92,0.012,0.042,0.553,0.87,39,4730,0.413
C036,2025-10-01,2460855,0.556,396587973,96,40944315,0.01,0.689,0.301,0.011,0.205,0.335,39,2770,0.81
C036,2025-04-01,89655084,0.248,236152984,55,22303162,0.101,0.823,0.077,0.016,0.179,0.736,33,2422,0.486
C036,2025-06-01,96965747,0.414,9397695,57,854144,0.119,0.812,0.069,0.081,0.267,0.708,54,2367,0.465
C036,2025-08-01,1625360,0.28,755430328,80,71367417,0.01,0.728,0.262,0.098,0.22,0.308,30,1747,0.939
C037,2025-11-01,14911933,0.186,636908303,25,66775948,0.01,0.828,0.162,0.082,0.677,0.739,67,3941,0.73
C037,2025-02-01,70710941,0.226,302031752,84,32014612,0.01,0.673,0.317,0.036,0.017,0.556,91,2445,0.646
C037,2025-12-01,84450804,0.268,897400223,9,85251685,0.064,0.831,0.104,0.072,0.544,0.577,69,4697,0.315
C037,2025-10-01,63246849,0.018,58845326,115,6463649,,0.896,0.094,0.073,0.378,0.397,27,1524,0.81
C037,2025-05-01,89124650,0.528,693227588,72,68673163,0.01,0.735,0.255,0.044,0.067,0.487,59,1844,0.354
C037,2025-08-01,88161091,0.271,824460594,20,81908203,0.01,0.547,0.443,0.08,0.212,0.328,61,1094,0.665
C037,2025-04-01,4860940,0.667,677407058,185,67453290,0.157,0.753,0.09,0.007,0.229,0.837,75,2888,0.513
C037,2025-06-01,66918596,0.433,689234903,128,75115831,0.01,0.62,0.37,0.06,0.784,0.812,76,3741,0.916
C038,2025-04-01,75442544,0.142,783992199,52,85049621,0.01,0.823,0.167,0.045,0.568,0.84,62,4574,0.306
C038,2025-10-01,94223146,0.594,20966648,121,2149043,0.01,0.754,0.236,0.065,0.59,0.848,39,4836,0.81
C038,2025-02-01,18228547,0.043,573118737,14,52175716,0.01,0.559,0.431,0.075,0.754,0.843,58,4771,0.947
C038,2025-06-01,69708699,0.131,38078969,58,3643694,,0.546,0.444,0.066,0.746,0.778,8,4258,0.608
C038,2025-09-01,78487035,0.181,853713212,153,80959618,0.01,0.613,0.377,0.072,0.066,0.738,27,2326,0.507
C038,2025-01-01,77537613,0.334,274961533,19,27744765,0.01,0.823,0.167,0.088,0.751,0.895,25,4694,0.368
C038,2025-07-01,41888577,0.253,255728216,57,23549903,0.01,0.736,0.254,0.011,0.383,0.617,73,2505,0.551
C039,2025-08-01,34252667,0.43,617023306,209,67389433,0.01,,0.176,0.018,0.663,0.871,84,4781,0.884
C039,2025-12-01,45368104,0.169,2114307,207,218643,0.034,0.833,0.134,0.03,0.568,0.809,13,4185,0.441
C039,2025-10-01,11981766,0.659,773932154,157,77127837,0.01,0.745,0.245,0.039,0.269,0.745,88,2000,0.353
C039,2025-01-01,85494351,0.682,773772326,58,85035656,0.01,0.658,0.332,0.093,0.663,0.825,96,3525,0.777
C039,2025-11-01,10746451,0.126,869811197,32,91584491,0.01,0.686,0.304,0.087,0.236,0.484,35,2388,0.308
C039,2025-02-01,83094956,0.236,859028147,85,94421914,0.207,0.764,0.029,0.08,0.015,0.731,10,2716,0.492
C039,2025-07-01,8590309,0.451,325035436,104,33824197,0.01,0.588,0.402,0.048,0.484,0.766,52,1774,0.889
C039,2025-09-01,85027518,0.171,535924677,187,54001297,0.061,0.773,0.165,0.073,0.661,0.9,94,4537,0.314
C039,2025-05-01,95647219,0.472,187445658,50,18802297,0.01,0.675,0.315,0.01,0.449,0.535,36,1214,0.905
C039,2025-04-01,19789804,0.568,243394012,211,23167085,0.01,0.658,0.332,0.006,0.079,0.841,32,1963,0.506
C040,2025-11-01,88842653,0.528,362193822,130,37951915,0.01,0.592,0.398,0.054,0.744,0.833,52,3595,0.355
C040,2025-10-01,86138068,0.357,97591742,205,9252636,0.065,0.859,0.075,0.01,0.633,0.758,93,3703,0.54
C040,2025-04-01,27710461,0.006,573298874,170,62346295,0.01,0.745,0.245,0.099,0.164,0.316,14,1937,0.945
C040,2025-07-01,88491733,0.502,417101624,199,41171115,0.051,0.813,0.136,0.059,0.042,0.451,39,1388,0.738
C040,2025-02-01,23937378,0.099,488250988,197,44527411,0.01,0.835,0.155,0.093,0.33,0.602,74,2473,0.303
C040,2025-05-01,9502872,0.628,244852718,210,24530627,,0.827,0.075,0.026,0.178,0.852,39,2974,0.33
C040,2025-06-01,50776208,0.457,164820229,217,17997761,0.051,0.857,0.092,0.054,0.325,0.665,47,1117,0.616
C041,2025-08-01,12576736,0.607,548502803,46,56937187,0.01,0.863,0.127,0.023,0.555,0.654,15,4501,0.677
C041,2025-12-01,83012946,0.366,318207249,215,31880507,0.01,0.646,0.344,0.04,0.287,0.867,24,2387,0.726
C041,2025-11-01,86789882,0.452,345489002,36,35738775,0.01,0.575,0.415,0.004,0.78,0.845,50,4499,0.373
C041,2025-06-01,71520378,0.094,222208216,189,23329011,0.173,0.796,0.031,0.086,0.486,0.529,7,1281,0.81
C041,2025-04-01,58953979,0.141,92677638,49,8378691,0.01,0.702,0.288,0.011,0.589,0.861,61,4658,0.776
C041,2025-09-01,58976103,0.551,489720532,63,51241727,0.01,0.725,0.265,0.017,0.011,0.827,20,2796,0.855
C041,2025-05-01,92485119,0.511,867341939,60,82135789,0.01,0.639,0.351,0.04,0.167,0.737,25,1767,0.791
C041,2025-02-01,31752942,0.658,254886534,164,26976907,0.01,0.74,0.25,0.003,0.306,0.777,87,2955,0.852
C041,2025-10-01,51710845,0.669,757766551,81,73462950,0.01,0.795,0.195,0.041,0.521,0.556,3,3591,0.337
C041,2025-07-01,31655347,0.363,663386514,123,69341258,0.01,0.599,0.391,0.037,0.444,0.521,51,2580,0.83
C042,2025-10-01,24790903,0.56,785067172,125,75280358,0.01,0.717,0.273,0.069,0.428,0.672,77,1015,0.629
C042,2025-05-01,92008444,0.474,823694790,113,86198232,0.117,0.86,0.023,0.033,0.742,0.771,99,4895,0.35
C042,2025-02-01,32447595,0.136,734614456,70,71939738,0.01,0.739,0.251,0.039,0.646,0.796,13,4206,0.373
C042,2025-03-01,79804243,0.406,203797240,72,21347799,0.01,0.79,0.2,0.083,0.361,0.722,71,1801,0.631
C042,2025-06-01,81076003,0.699,155256767,118,16977574,0.01,0.553,0.437,0.073,0.204,0.799,12,2317,0.338
C042,2025-11-01,57510022,0.471,851581075,142,85382339,0.01,,0.45,0.056,0.667,0.895,84,4120,0.573
C042,2025-07-01,10850544,0.174,636662636,179,65279058,0.01,0.675,0.315,0.015,0.45,0.896,88,2715,0.915
C042,2025-01-01,85411049,0.051,580604464,60,56105142,0.01,0.9,0.09,0.004,0.431,0.859,67,1812,0.473
C042,2025-09-01,62907224,0.509,641148365,61,63459029,0.01,0.734,0.256,0.013,0.397,0.512,11,2321,0.757
C042,2025-08-01,30545735,0.699,287242090,145,29749995,0.033,0.793,0.174,0.004,0.233,0.465,98,1866,0.72
C042,2025-12-01,8786124,0.042,13623323,206,1435609,0.01,0.568,0.422,0.063,0.47,0.542,56,1174,0.375
C043,2025-04-01,49029410,0.503,745644301,165,68349899,0.01,0.727,0.263,0.081,0.484,0.701,12,2010,0.686
C043,2025-02-01,36852954,0.383,423780817,7,44473340,0.013,0.891,0.095,0.047,0.345,0.66,38,2874,0.575
C043,2025-08-01,20485448,0.627,583796642,178,54929669,0.084,0.771,0.145,0.095,0.658,0.698,82,4745,0.438
C043,2025-01-01,46792379,0.218,566198346,189,52671969,0.01,0.741,0.249,0.053,0.366,0.751,12,2979,0.94
C043,2025-07-01,27995322,0.175,338819409,130,36045735,0.01,0.689,,0.06,0.78,0.785,24,4695,0.709
C043,2025-05-01,31784388,0.628,47037933,37,4935638,0.01,0.672,0.318,0.039,0.618,0.666,24,4541,0.886
C043,2025-11-01,33403095,0.476,825840647,74,86095479,0.141,0.766,0.093,0.029,0.287,0.448,73,2749,0.319
C043,2025-12-01,69324138,0.295,168075109,120,18297086,0.043,0.796,0.161,0.009,0.03,0.778,97,1594,0.377
C043,2025-10-01,62946339,0.657,877454811,168,88977842,0.01,0.604,0.386,0.064,0.694,0.837,97,4600,0.665
C043,2025-09-01,60081929,0.368,99096726,93,9569112,0.069,0.905,0.026,0.025,0.096,0.854,37,2106,0.448
C043,2025-03-01,41455531,0.583,374504673,75,40271449,0.01,0.643,0.347,0.07,0.602,0.755,14,3610,0.441
C044,2025-12-01,95493686,0.604,704605485,113,65055142,0.143,0.804,0.053,0.083,0.246,0.451,7,2351,0.53
C044,2025-02-01,56592982,0.078,415179688,185,45651621,0.01,0.883,0.107,0.074,0.08,0.326,21,1820,0.637
C044,2025-03-01,90323204,0.057,629749306,216,66622514,0.01,0.761,0.229,0.06,0.616,0.886,89,3850,0.884
C044,2025-09-01,57882219,0.162,884293602,157,83958374,0.01,0.635,0.355,0.076,0.572,0.612,54,4777,0.848
C044,2025-06-01,64895673,0.399,554033599,100,53257437,0.01,0.511,0.479,0.039,0.672,0.894,7,3516,0.761
C044,2025-10-01,65689262,0.327,158792887,207,15783106,0.01,0.599,0.391,0.066,0.305,0.586,4,1452,0.919
C044,2025-04-01,24468974,0.357,671776179,188,68003185,0.01,,0.475,0.012,0.158,0.895,59,1077,0.326
C044,2025-01-01,81328410,0.44,269786525,98,26699035,0.01,0.821,0.169,0.03,0.145,0.727,52,2617,0.687
C044,2025-07-01,59443500,0.329,409765022,22,43094711,0.01,0.523,0.467,0.011,0.483,0.544,54,1142,0.546
C044,2025-05-01,74744229,0.307,688561731,122,64359911,0.01,0.777,0.213,0.076,0.173,0.365,61,2707,0.763
C044,2025-08-01,72361737,0.194,408907640,144,41648914,0.01,0.512,0.478,0.074,0.019,0.89,72,1297,0.441
C044,2025-11-01,93960400,0.451,502822450,71,55131251,0.01,0.616,0.374,0.026,0.067,0.616,24,1307,0.775
C045,2025-06-01,83189238,0.097,238296453,105,22186379,0.01,0.727,0.263,0.042,0.424,0.585,48,2716,0.629
C045,2025-12-01,46755993,0.128,426624887,104,44607729,0.129,0.831,0.04,0.013,0.383,0.8,55,2454,0.547
C045,2025-03-01,25918722,0.643,70590927,134,7689940,0.01,0.5,0.49,0.065,0.692,0.889,29,3669,0.311
C045,2025-07-01,96206338,0.063,26800259,28,2471806,0.01,0.639,0.351,0.04,0.319,0.688,63,2006,0.988
C045,2025-02-01,32928006,0.187,642789965,195,67916512,0.01,0.545,0.445,0.044,0.505,0.519,71,4525,0.418
C045,2025-09-01,61242351,0.268,435873013,157,45751619,0.01,0.527,0.463,0.092,0.047,0.403,11,2683,0.667
C045,2025-08-01,57285054,0.009,781379692,143,76437909,0.01,0.595,0.395,0.03,0.47,0.578,24,1123,0.83
C045,2025-11-01,64848124,0.347,548678066,164,54836152,0.138,0.787,0.076,0.054,0.507,0.883,40,4275,0.416
C045,2025-01-01,98898456,0.028,452855783,194,46639952,0.071,0.754,0.175,0.001,0.237,0.681,80,1222,0.655
C045,2025-10-01,45427537,0.685,894631089,22,89414029,0.01,0.73,0.26,0.056,0.35,0.474,33,2386,0.793
C045,2025-04-01,57755849,0.457,615616827,206,55905824,0.01,0.517,0.473,0.096,0.426,0.847,45,2041,0.796
C046,2025-06-01,69377127,0.128,646745629,81,66984929,0.01,0.532,0.458,0.077,0.514,0.889,100,4258,0.909
C046,2025-12-01,36748899,0.321,550149357,73,49536426,0.01,0.569,0.421,0.03,0.18,0.717,94,2632,0.77
C046,2025-07-01,95619082,0.291,785161205,218,79116468,,0.81,0.164,0.09,0.015,0.622,74,2727,0.7
C046,2025-10-01,18719544,0.662,260045058,133,25141161,0.01,0.812,0.178,0.097,0.285,0.874,40,1172,0.967
C046,2025-02-01,5028047,0.402,103266087,21,10026569,0.01,0.793,0.197,0.03,0.237,0.776,8,2884,0.604
C046,2025-08-01,30557194,0.177,485824627,144,51587204,0.01,0.625,0.365,0.021,0.699,0.727,74,4416,0.628
C046,2025-04-01,31769873,0.351,296617897,137,32216671,0.011,,0.184,0.1,0.518,0.87,22,4439,0.836
C046,2025-01-01,86507440,0.496,218111062,208,23776623,0.01,0.666,0.324,0.044,0.731,0.857,35,3829,0.96
C046,2025-09-01,20398803,0.536,38372926,46,4163765,0.01,0.535,0.455,0.094,0.659,0.695,96,4156,0.803
C046,2025-03-01,57836735,0.465,220785020,136,20217238,0.01,0.584,0.406,0.001,0.669,0.85,46,4642,0.634
C047,2025-05-01,66375735,0.234,843615161,168,81910208,0.162,0.755,0.084,0.023,0.14,0.804,32,1635,0.554
C047,2025-06-01,83133854,0.201,74874637,114,7028892,0.01,0.914,0.076,0.061,0.056,0.651,96,2221,0.934
C047,2025-12-01,69124350,0.125,446111197,130,41351447,0.048,0.832,0.121,0.013,0.786,0.894,10,4698,0.765
C047,2025-11-01,16606251,0.341,268648765,166,24991560,0.023,0.891,0.086,0.007,0.387,0.435,63,2944,0.567
C047,2025-04-01,31264114,0.372,627748616,169,58414195,0.068,0.846,0.086,0.052,0.214,0.728,66,1417,0.745
C047,2025-08-01,88533742,0.218,72931911,123,6616932,0.01,,0.308,0.099,0.191,0.737,37,1405,0.618
C047,2025-10-01,89883801,0.644,645612751,121,62289754,0.01,0.743,0.247,0.031,0.052,0.741,16,2308,0.507
C047,2025-07-01,45240149,0.446,89851247,97,9536288,0.01,0.913,0.077,0.086,0.586,0.871,44,4349,0.434
C047,2025-02-01,64261522,0.324,527147002,138,56315535,0.024,0.942,0.034,0.039,0.032,0.373,6,2714,0.381
C047,2025-03-01,9616733,0.186,326309291,85,34213703,0.037,0.92,0.043,0.032,0.4,0.69,91,2782,0.78
C047,2025-09-01,50059437,0.655,603940701,202,65036005,0.01,0.702,0.288,0.061,0.142,0.84,22,2749,0.321
C047,2025-01-01,34697748,0.37,685318269,62,74079639,0.013,0.794,0.193,0.053,0.19,0.722,80,1335,0.474
C048,2025-04-01,7356434,0.013,712175346,86,69025728,0.01,0.629,0.361,0.026,0.544,0.785,37,4215,0.35
C048,2025-07-01,22347298,0.427,188995869,30,18556367,0.01,0.746,0.244,0.022,0.227,0.561,49,2021,0.477
C048,2025-02-01,33266170,0.454,491252571,41,50214081,0.01,0.8,0.19,0.007,0.154,0.894,20,2877,0.851
C048,2025-10-01,39291459,0.295,230834671,155,23768993,0.01,0.632,0.358,0.079,0.42,0.571,22,1587,0.656
C048,2025-03-01,21311996,0.234,463500894,110,47116950,0.01,0.702,0.288,0.048,0.036,0.855,43,1264,0.908
C048,2025-06-01,70640586,0.393,297947550,201,29268190,0.023,0.829,0.148,0.012,0.73,0.869,65,3942,0.908
C048,2025-11-01,83488541,0.349,561805132,89,61487771,0.01,0.517,0.473,0.007,0.195,0.342,12,1555,0.658
C048,2025-01-01,12774937,0.296,538571094,133,58725318,0.01,0.602,0.388,0.073,0.059,0.834,37,1933,0.329
C048,2025-08-01,96339661,0.123,236134439,154,25645029,0.01,0.728,0.262,0.075,0.563,0.574,22,4372,0.883
C048,2025-09-01,76668387,0.214,315710306,31,33648635,0.01,0.754,0.236,0.072,0.195,0.395,69,1767,0.419
C048,2025-05-01,32958895,0.158,307127643,200,33481992,0.148,0.803,0.049,0.062,0.547,0.638,3,4550,0.748
C048,2025-12-01,55255277,0.373,547781657,132,58723658,0.01,0.899,0.091,0.012,0.409,0.777,29,1307,0.595
C049,2025-06-01,22159528,0.247,709769291,142,66608138,0.01,0.844,0.146,0.026,0.254,0.456,22,1682,0.562
C049,2025-11-01,69774738,0.479,503794187,42,54448256,0.01,0.86,0.13,0.014,0.243,0.381,17,1466,0.437
C049,2025-01-01,78678485,0.511,17244189,156,1624087,0.164,0.787,0.049,0.022,0.042,0.553,81,2349,0.309
C049,2025-04-01,74473317,0.33,356913506,8,35316449,0.132,0.755,0.114,0.092,0.51,0.547,45,3796,0.312
C049,2025-05-01,93329337,0.324,181463171,38,19185696,0.082,0.829,0.089,0.019,0.506,0.803,74,3528,0.793
C049,2025-08-01,3821103,0.647,529748454,55,52999496,0.01,0.577,0.413,0.018,0.04,0.67,22,1340,0.694
C049,2025-02-01,54628779,0.355,762570332,210,82514224,0.089,,0.069,0.035,0.326,0.568,74,1547,0.317
C049,2025-09-01,9447448,0.236,358199281,25,38171587,0.011,0.928,0.061,0.061,0.427,0.821,10,1071,0.781
C049,2025-12-01,63124308,0.06,843778616,109,80940740,0.01,0.884,0.106,0.01,0.439,0.709,34,1803,0.522
C049,2025-07-01,78656200,0.305,784210595,220,79459948,0.01,0.794,0.196,0.042,0.089,0.662,31,1510,0.543
C049,2025-10-01,11597977,0.166,185667903,64,19279257,0.01,0.525,0.465,0.096,0.032,0.775,36,1865,0.455
C050,2025-09-01,84808352,0.692,653189672,115,62989868,0.01,0.625,0.365,0.061,0.019,0.315,88,2646,0.789
C050,2025-08-01,66628289,0.155,377525171,110,39098382,0.2,0.77,0.03,0.099,0.754,0.878,11,4639,0.486
C050,2025-06-01,72151749,0.286,69868477,15,7437366,0.01,0.645,0.345,0.097,0.798,0.866,26,3809,0.63
C050,2025-05-01,58244104,0.57,817654672,47,88496212,0.027,0.92,0.053,0.042,0.67,0.757,54,4674,0.563
C050,2025-03-01,58954042,0.629,411820055,94,42711370,0.01,0.577,0.413,0.079,0.757,0.799,51,3705,0.345
C050,2025-02-01,94881491,0.455,737404256,190,73696689,0.106,0.856,0.037,0.016,0.339,0.66,68,2667,0.981
C050,2025-01-01,76128113,0.091,762110349,12,74053610,,0.751,0.088,0.04,0.417,0.519,76,1011,0.369
C050,2025-12-01,43523808,0.369,114064621,189,11070201,0.01,0.67,0.32,0,0.639,0.656,80,4436,0.702
C050,2025-07-01,79318491,0.408,863917734,199,88043704,0.01,0.788,0.202,0.014,0.303,0.564,10,1909,0.505
C050,2025-11-01,52294202,0.031,602259466,40,54220176,0.01,0.53,0.46,0.038,0.68,0.878,29,4920,0.511
C050,2025-10-01,59563491,0.171,236649537,123,25642830,0.01,0.532,0.458,0.009,0.086,0.626,45,1461,0.787
C050,2025-04-01,93818617,0.513,299006984,131,32264817,0.212,0.762,0.025,0.072,0.68,0.786,85,4782,0.338
